cnpj,bairro,municipio
126195000110,BIGORRILHO,CURITIBA
155991000181,CENTRO,LAPA
321106000197,PRIMAVERA,NOVO HAMBURGO
358376000172,SAO PELEGRINO,CAXIAS DO SUL
563375000160,CENTRO,TRES COROAS
586312000129,VILA NOVA,BLUMENAU
587384000190,BACACHERI,CURITIBA
606458000199,PACAEMBU,CASCAVEL
714851000104,CENTRO CIVICO,CURITIBA
724082000117,CENTRO,JOINVILLE
841331000154,NOSSA SENHORA DAS GRACAS,CANOAS
846686000136,BATEL,CURITIBA
890266000157,BELEM VELHO,PORTO ALEGRE
1240559000151,CIDADE BAIXA,PORTO ALEGRE
1302359000186,JD. NIKKO,LONDRINA
1307121000143,BELA VISTA,PORTO ALEGRE
1412181000126,HAMBURGO VELHO,NOVO HAMBURGO
1413885000113,PILARZINHO,CURITIBA
1493662000103,CENTRO,FLORIANOPOLIS
1507578000100,PASSO D'AREIA,PORTO ALEGRE
1519924000161,CENTRO,CURITIBA
1579286000174,SANTANA,PORTO ALEGRE
1718839000122,SAO JOAO,PORTO ALEGRE
1768748000100,PRAIA DE BELAS,PORTO ALEGRE
1796566000134,CENTRO,RIO NEGRINHO
2019301000192,MOSSUNGUE,CURITIBA
2265894000177,PAROLIN,CURITIBA
2306226000140,CENTRO,PINHAIS
2314840000154,JARDIM LINDOIA,PORTO ALEGRE
2318794000161,ESTANCIA VELHA,CANOAS
2437196000101,VELHA,BLUMENAU
2513147000100,VILA BAEPENDI,JARAGUA DO SUL
2622879000139,CHACARAS E LOTES,MARIALVA
2716083000145,CRISTO REI,SAO LEOPOLDO
2816751000106,SANTO ANTONIO DE LISBOA,FLORIANOPOLIS
2904609000110,SANTA FELICIDADE,CURITIBA
2908992000185,CENTRO,PORTO ALEGRE
2932712000174,PETROPOLIS,PORTO ALEGRE
2969247000146,CENTRO,CURITIBA
3078155000139,SARANDI,PORTO ALEGRE
3085118000158,PETROPOLIS,PORTO ALEGRE
3158592000162,FLORESTA,PORTO ALEGRE
3158860000146,REBOUCAS,CURITIBA
3162345000130,RIO BRANCO,SAO LEOPOLDO
3182155000184,PARTENON,PORTO ALEGRE
3217373000107,SAO JOAO,CURITIBA
3271868000114,MOINHOS DE VENTO,PORTO ALEGRE
3339370000146,CENTRO,LAJEADO
3416034000150,CENTRO,FLORIANOPOLIS
3441246000197,PORTAO,CURITIBA
3456658000109,CENTRO,CURITIBA
3624861000139,RIO BRANCO,PORTO ALEGRE
3650551000199,SAO FRANCISCO,CURITIBA
3669981000152,ITOUPAVA CENTRAL,BLUMENAU
3693940000100,CENTRO,FLORIANOPOLIS
3706036000183,CRISTO REI,CURITIBA
3768803000189,AGUA VERDE,CURITIBA
3801285000158,CRISTO REI,CURITIBA
3842870000104,BATEL,CURITIBA
3869517000100,BATEL,CURITIBA
3940974000143,BIGORRILHO,CURITIBA
3942659000155,JARDIM DAS AMERICAS,CURITIBA
3971445000107,CAPAO DA IMBUIA,CURITIBA
4052081000124,SARANDI,PORTO ALEGRE
4055601000152,SANTO ANTONIO,JOINVILLE
4055839000188,MERCES,CURITIBA
4067290000141,BAIRRO ALTO,CURITIBA
4121834000106,ITACORUBI,FLORIANOPOLIS
4181912000168,PETROPOLIS,PORTO ALEGRE
4246459000120,XAXIM,CURITIBA
4340744000106,CENTRO,FLORIANOPOLIS
4348434000138,CENTRO,CAXIAS DO SUL
4358494000131,REBOUCAS,CURITIBA
4363802000117,LAMI,PORTO ALEGRE
4410157000146,CAPAO DA IMBUIA,CURITIBA
4432166000138,CENTRO,PELOTAS
4467799000181,ESTRADA VELHA,QUATRO BARRAS
4515887000101,HIGIENOPOLIS,PORTO ALEGRE
4516228000190,MERCES,CURITIBA
4543459000192,PETROPOLIS,PORTO ALEGRE
4570566000100,SANTA MONICA,FLORIANOPOLIS
4729567000154,COMERCIARIO,CRICIUMA
4820891000183,ITACORUBI,FLORIANOPOLIS
4864355000180,PARTENON,PORTO ALEGRE
4868871000182,CORREGO GRANDE,FLORIANOPOLIS
4915134000193,CENTRO,LONDRINA
4962340000154,CENTRO,FLORIANOPOLIS
5023602000188,REAL PARQUE,SAO JOSE
5028586000116,SANTA FELICIDADE,CURITIBA
5031207000147,TRISTEZA,PORTO ALEGRE
5042138000177,CENTRO,FLORIANOPOLIS
5050074000156,CENTRO HISTORICO,PORTO ALEGRE
5110958000159,SAGUACU,JOINVILLE
5138645000109,REBOUCAS,CURITIBA
5151009000117,CENTRO,JOINVILLE
5159145000153,CENTRO,CURITIBA
5251406000160,AGUA VERDE,CURITIBA
5268522000192,HIGIENOPOLIS,PORTO ALEGRE
5332252000131,VILA YOLANDA,FOZ DO IGUACU
5337875000105,ITACORUBI,FLORIANOPOLIS
5339050000111,VILA NOVA,PORTO ALEGRE
5357530000105,CAVALHADA,PORTO ALEGRE
5401067000151,FORTALEZA,BLUMENAU
5422311000162,PILARZINHO,CURITIBA
5448669000164,CENTRO CIVICO,CURITIBA
5451225000188,MOINHOS DE VENTO,PORTO ALEGRE
5488710000126,PEDRO MORO,SAO JOSE DOS PINHAIS
5498853000119,GLEBA FAZENDA PALHANO,LONDRINA
5531121000183,DO SALTO,BLUMENAU
5546793000162,AGUA VERDE,CURITIBA
5550374000102,PONTA AGUDA,BLUMENAU
5594470000144,PETROPOLIS,PORTO ALEGRE
5617100000185,BOQUEIRAO,CURITIBA
5620370000145,CENTRO,PORTO ALEGRE
5694420000139,CENTRO,SAO MARTINHO
5809591000166,CAMPO COMPRIDO,CURITIBA
5834028000148,VILA SANTA ISABEL,VIAMAO
5895166000137,REBOUCAS,CURITIBA
5906225000125,GLEBA FAZENDA PALHANO,LONDRINA
5936622000140,SAO FRANCISCO,CURITIBA
5954033000194,PETROPOLIS,PORTO ALEGRE
5975597000103,ABERTA DOS MORROS,PORTO ALEGRE
5996262000171,CENTRO,JOINVILLE
6015379000190,SANTA MARIA GORETTI,PORTO ALEGRE
6074087000128,CENTRO HISTORICO,PORTO ALEGRE
6153856000183,ALTO DA GLORIA,CURITIBA
6185897000151,BAIRRO ALTO,CURITIBA
6277224000121,TRINDADE,FLORIANOPOLIS
6290671000110,CRISTO REI,CURITIBA
6320344000164,CENTRO,PINHAIS
6867750000141,BUCAREIN,JOINVILLE
6913250000107,MARECHAL RONDON,CANOAS
7051953000128,CENTRO,CURITIBA
7052633000192,UNIVERSITARIO,SANTA CRUZ DO SUL
7054772000155,TRINDADE,FLORIANOPOLIS
7138892000130,CENTRO,BLUMENAU
7143006000167,SACO GRANDE,FLORIANOPOLIS
7144407000131,CENTRO,NOVO HAMBURGO
7189783000142,CENTRO,SAO LEOPOLDO
7208334000102,BIGORRILHO,CURITIBA
7228485000114,CENTRO HISTORICO,PORTO ALEGRE
7303726000142,CENTRO HISTORICO,PORTO ALEGRE
7591060000175,PRADO VELHO,CURITIBA
7592315000114,CENTRO,CURITIBA
7672361000123,PRAIA DE BELAS,PORTO ALEGRE
7723137000113,JARDIM BOTANICO,PORTO ALEGRE
7731452000192,ATUBA,COLOMBO
7854026000146,NOVELO,MARIOPOLIS
7896865000127,CENTRO,JANDAIA DO SUL
7899023000129,JARDIM LINDOIA,PORTO ALEGRE
7900364000177,ZONA 01,MARINGA
7938862000109,INDEPENDENCIA,PORTO ALEGRE
7941604000181,XAXIM,CURITIBA
7944196000111,CENTRO,CAXIAS DO SUL
7989117000199,FLORESTAL,LAJEADO
8029924000122,JARDIM BOTANICO,PORTO ALEGRE
8139576000146,SANTO INACIO,CURITIBA
8150225000136,JOAO PAULO,FLORIANOPOLIS
8437692000141,BOA VISTA,CURITIBA
8452946000109,CENTRO HISTORICO,PORTO ALEGRE
8533856000134,CENTRO,SAPIRANGA
8541866000111,PARTENON,PORTO ALEGRE
8597777000197,JARDIM BLUMENAU,BLUMENAU
8637105000168,VILA NOVA,PORTO ALEGRE
8640367000181,SARANDI,PORTO ALEGRE
8671358000158,BIGORRILHO,CURITIBA
8682040000172,AREAL,PELOTAS
8688030000144,CENTRO,PORTO ALEGRE
8698053000130,SANTANA,PORTO ALEGRE
8716906000119,MARECHAL RONDON,CANOAS
8765613000121,AGUA VERDE,CURITIBA
8851703000135,JARDIM BOTANICO,PORTO ALEGRE
8879628000110,SANTO ANTONIO,JOINVILLE
8889601000109,PORTAO,CURITIBA
8944685000136,CENTRO,CURITIBA
9008823000138,CENTRO,LONDRINA
9018845000189,PILARZINHO,CURITIBA
9044119000130,BATEL,CURITIBA
9052375000170,TARUMA,CURITIBA
9129117000144,AUXILIADORA,PORTO ALEGRE
9176594000160,SANTO ANTONIO,JOINVILLE
9200383000116,ANITA GARIBALDI,JOINVILLE
9251361000185,BUCAREIN,JOINVILLE
9254750000164,CENTRO,CURITIBA
9276267000180,JARDIM HIGIENOPOLIS,LONDRINA
9276674000198,BOM RETIRO,CURITIBA
9311034000171,CENTRO,XANXERE
9336130000174,SANTO INACIO,CURITIBA
9349805000110,FORTALEZA,BLUMENAU
9395752000173,JARDIM QUITANDINHA,COLOMBO
9401653000157,BOM RETIRO,CURITIBA
9416343000106,CAJURU,CURITIBA
9451699000180,JUVEVE,CURITIBA
9574379000118,HUGO LANGE,CURITIBA
9626129000184,CENTRO,NOVO HAMBURGO
9653351000176,MOSSUNGUE,CURITIBA
9663609000115,PATRIA NOVA,NOVO HAMBURGO
9666433000155,CENTRO,CURITIBA
10145201000130,MENINO DEUS,PORTO ALEGRE
10241629000187,CORREGO GRANDE,FLORIANOPOLIS
10292174000129,CENTRO,FLORIANOPOLIS
10303632000188,INDEPENDENCIA,PORTO ALEGRE
10320392000120,SAO FRANCISCO,VIDEIRA
10339359000141,CENTRO HISTORICO,PORTO ALEGRE
10348941000174,VICTOR KONDER,BLUMENAU
10353834000134,MOINHOS DE VENTO,PORTO ALEGRE
10358750000193,ALPHAVILLE GRACIOSA,PINHAIS
10358880000126,SAO FRANCISCO,CURITIBA
10374614000197,SAO MARCOS,JOINVILLE
10387465000109,INDEPENDENCIA,PORTO ALEGRE
10394304000134,FLORESTA,PORTO ALEGRE
10414615000118,REBOUCAS,CURITIBA
10415575000129,PATRIA NOVA,NOVO HAMBURGO
10436009000101,CENTRO,SAO LEOPOLDO
10468447000143,BATEL,CURITIBA
10469390000105,ITOUPAVAZINHA,BLUMENAU
10472415000111,MOINHOS DE VENTO,PORTO ALEGRE
10483721000153,MONT SERRAT,PORTO ALEGRE
10498651000107,CENTRO,DOIS IRMAOS
10509713000139,CENTRO,PONTA GROSSA
10524406000127,TRES FIGUEIRAS,PORTO ALEGRE
10570173000107,BOM RETIRO,CURITIBA
10634181000161,FLORESTA,JOINVILLE
10655518000117,BARRAGEM,RIO DO SUL
10657602000170,NOVO MUNDO,CURITIBA
10702854000173,NOSSA SENHORA APARECIDA,ENCANTADO
10721973000173,AMERICA,JOINVILLE
10732355000129,GLEBA FAZENDA PALHANO,LONDRINA
10743066000125,RIO BRANCO,PORTO ALEGRE
10778277000101,ARTIDOR ORTIZ,ROSARIO DO SUL
10780049000168,PASSO DA AREIA,PORTO ALEGRE
10803704000156,FLORESTA,JOINVILLE
10882234000163,PETROPOLIS,PORTO ALEGRE
10963516000195,CENTRO,PORTO ALEGRE
11023375000193,CENTRO,CURITIBA
11030542000123,JARDIM SANTA HELENA,MARINGA
11036060000180,LOTEAMENTO ROMANI,DOIS VIZINHOS
11038137000151,SANTO INACIO,CURITIBA
11048655000156,JARDIM SOCIAL,CURITIBA
11094781000147,CRISTO REI,SAO LEOPOLDO
11147517000124,CENTRO,SAO LEOPOLDO
11152463000195,IDEAL,NOVO HAMBURGO
11188017000130,AMERICA,JOINVILLE
11204307000120,MENINO DEUS,PORTO ALEGRE
11209861000109,NOVO MUNDO,CURITIBA
11211970000152,PATRIA NOVA,NOVO HAMBURGO
11247373000188,SERRANO,CAXIAS DO SUL
11381069000129,CENTRO,GUARAPUAVA
11482819000159,RIO BRANCO,PORTO ALEGRE
11492297000176,NOSSA SENHORA DAS GRACAS,CANOAS
11527712000180,MORADA DO SOL,MONDAI
11564730000131,AUXILIADORA,PORTO ALEGRE
11589018000197,FLORESTA,PORTO ALEGRE
11595710000128,CENTRO,NOVO HAMBURGO
11595801000163,CENTRO,XANXERE
11738958000109,CAMPO COMPRIDO,CURITIBA
11851549000106,THOMAZ COELHO,ARAUCARIA
11902187000135,XAXIM,CURITIBA
11958556000101,BOA VISTA,CURITIBA
12028803000133,CENTRO,CAMPO MOURAO
12231412000111,CENTRO,NOVA SANTA RITA
12324285000103,AMERICA,JOINVILLE
12330337000146,CENTRO,CURITIBA
12350970000104,AMERICA,JOINVILLE
12405123000191,IRIRIU,JOINVILLE
12411222000186,BUCAREIN,JOINVILLE
12794444000125,ATUBA,CURITIBA
12803041000103,CABRAL,CURITIBA
12861549000150,COSTA E SILVA,JOINVILLE
12957904000199,CENTRO,CURITIBA
13095751000180,CENTRO,PATO BRANCO
13178989000170,ITOUPAVA NORTE,BLUMENAU
13224486000193,HIGIENOPOLIS,PORTO ALEGRE
13292648000120,ANA NERY,SANTA CRUZ DO SUL
13394646000142,BUCAREIN,JOINVILLE
13599751000118,PARTENON,PORTO ALEGRE
13612744000109,CENTRO,GARIBALDI
13630506000126,PRAIA DE BELAS,PORTO ALEGRE
13809874000136,FORQUILHINHAS,SAO JOSE
13963659000195,JARDIM BOTANICO,PORTO ALEGRE
13976120000170,BIGORRILHO,CURITIBA
13994051000128,MERCES,CURITIBA
14056643000161,MERCES,CURITIBA
14063825000160,PETROPOLIS,PORTO ALEGRE
14136101000107,BOA VISTA,CURITIBA
14147860000167,PILARZINHO,CURITIBA
14220191000101,ITACORUBI,FLORIANOPOLIS
14371565000190,CIDADE BAIXA,PORTO ALEGRE
14456555000157,JARDIM DAS AMERICAS,CURITIBA
14470857000180,CENTRO,BLUMENAU
14513770000142,CENTRO CIVICO,CURITIBA
14533121000103,AMERICA,JOINVILLE
14557997000190,CENTRO,IMBITUBA
14686366000170,ITACORUBI,FLORIANOPOLIS
14699691000178,CABRAL,CURITIBA
14731086000137,CENTRO,NOVO HAMBURGO
14808197000102,NOSSA SENHORA DE LOURDES,SANTA MARIA
14816976000141,INDEPENDENCIA,PORTO ALEGRE
14822675000120,KOBRASOL,SAO JOSE
14911562000100,AREAL,PELOTAS
15005247000178,ANITA GARIBALDI,JOINVILLE
15077871000180,CENTRO,CANOAS
15083648000146,CENTRO,FLORIANOPOLIS
15111904000161,TRES FIGUEIRAS,PORTO ALEGRE
15251078000156,CENTRO,MARINGA
15313818000131,CENTRO,CURITIBA
15371741000156,BOA VISTA,PORTO ALEGRE
15399960000143,CIDADE ALTA,BENTO GONCALVES
15555098000110,CENTRO,SAO MARCOS
15793046000182,CANASVIEIRAS,FLORIANOPOLIS
16528380000171,EXPOSICAO,CAXIAS DO SUL
16539305000106,CENTRO,SAO LEOPOLDO
16584899000177,JARDIM BOTANICO,CURITIBA
16644671000125,TRINDADE,FLORIANOPOLIS
16800966000143,PILARZINHO,CURITIBA
16801310000145,ZONA INDUSTRIAL NORTE,JOINVILLE
16890759000127,PETROPOLIS,PORTO ALEGRE
16890793000100,SANTA CATARINA,BIGUACU
16997247000164,ITACORUBI,FLORIANOPOLIS
17011419000141,CENTRO,SAO BENTO DO SUL
17052172000101,CENTRO,TRES DE MAIO
17124582000110,BAIRRO ALTO,CURITIBA
17128605000165,SAO JOAO,PORTO ALEGRE
17283617000164,BATEL,CURITIBA
17437312000160,CENTRO,SAO JOAO BATISTA
17654009000119,CENTRO,CANOAS
17871176000111,CENTRO HISTORICO,PORTO ALEGRE
17915726000157,BATEL,CURITIBA
17948237000100,AUXILIADORA,PORTO ALEGRE
17949442000181,SAO FRANCISCO,CURITIBA
18173795000103,HUGO LANGE,CURITIBA
18319172000198,SACO GRANDE,FLORIANOPOLIS
18435752000140,RIO TAVARES,FLORIANOPOLIS
18615479000136,PETROPOLIS,PORTO ALEGRE
18630834000146,RIO BRANCO,PORTO ALEGRE
18771570000140,TRINDADE,FLORIANOPOLIS
18796297000109,SANTO ANTONIO,SAO JOSE DOS PINHAIS
18843171000148,SANVITTO,CAXIAS DO SUL
19021905000176,PRAIA DE BELAS,PORTO ALEGRE
19122334000166,CENTRO,CURITIBA
19196565000114,CRISTO REI,CURITIBA
19301105000109,CENTRO,CURITIBA
19387204000155,CENTRO,JATAIZINHO
19440549000125,TRINDADE,FLORIANOPOLIS
19688509000105,FAZENDA,ITAJAI
19716266000163,SUMARE,RIO DO SUL
19942131000116,JARDIM PANORAMA,ARAPONGAS
19967832000100,NOSSA SENHORA DE LOURDES,CAXIAS DO SUL
20007959000166,CENTRO,BALNEARIO CAMBORIU
20013675000182,CENTRO,DOIS VIZINHOS
20093970000196,MOINHOS DE VENTO,PORTO ALEGRE
20221014000142,CRISTO REI,CURITIBA
20375185000126,JARDIM TABAETE,MARINGA
20791217000174,RIO BRANCO,PORTO ALEGRE
20925274000107,CENTRO,PINHAIS
20945553000124,AMERICA,JOINVILLE
20980996000156,REBOUCAS,CURITIBA
21295146000181,HAUER,CURITIBA
21388085000105,REBOUCAS,CURITIBA
21423671000135,SANTA MONICA,FLORIANOPOLIS
21491167000172,CENTRO,PRESIDENTE GETULIO
21505378000117,IPANEMA,LONDRINA
21513996000109,FLORESTA,PORTO ALEGRE
21584489000166,CENTRO,PINHAIS
21682068000178,PRADO VELHO,CURITIBA
21728376000197,ITOUPAVAZINHA,BLUMENAU
21812398000130,BATEL,CURITIBA
21884232000120,AGUA VERDE,CURITIBA
21916782000183,JOAO PAULO,FLORIANOPOLIS
21932891000194,AREAL,PELOTAS
21935427000151,ITACORUBI,FLORIANOPOLIS
21969334000148,CENTRO,BALNEARIO CAMBORIU
21979785000166,CENTRO,SAO MATEUS DO SUL
22007582000170,CENTRO,QUEDAS DO IGUACU
22182361000139,CIDADE BAIXA,PORTO ALEGRE
22282839000100,ALTO TARUMA,PINHAIS
22370057000115,PRAIA DE BELAS,PORTO ALEGRE
22459999000174,CENTRO,CRICIUMA
22487718000197,CENTRO,ITAJAI
22516315000129,SAO FRANCISCO,CURITIBA
22546577000136,RIO BRANCO,CAXIAS DO SUL
22778608000184,VILA IZABEL,CURITIBA
22940419000166,TRINDADE,FLORIANOPOLIS
22981457000167,UNIVERSITARIO,LAJEADO
23065417000138,RIO BRANCO,PORTO ALEGRE
23068092000147,ZONA NOVA,CAPAO DA CANOA
23201941000199,SANTO ANTONIO DE PADUA,TUBARAO
23244090000161,UBERABA,CURITIBA
23316396000186,JARDIM ANAPOLIS,TOLEDO
23450854000175,CAJURU,CURITIBA
23468855000147,SAO LUIS,JARAGUA DO SUL
23507330000173,PROTASIO ALVES,PORTO ALEGRE
23516468000139,PRAIA DOS AMORES,BALNEARIO CAMBORIU
23595125000107,ESTREITO,FLORIANOPOLIS
23635781000196,CENTRO,CASCAVEL
23720406000144,CAJURU,CURITIBA
23773859000139,PROSPERA,CRICIUMA
24153353000190,CENTRO,FRANCISCO BELTRAO
24196301000109,CENTRO,CURITIBA
24232219000184,ESTREITO,FLORIANOPOLIS
24232254000101,CENTRO,NOVO HAMBURGO
24353595000127,ESTREITO,FLORIANOPOLIS
24362619000104,SAO CRISTOVAO,LAJEADO
24513991000174,CIDADE INDUSTRIAL,CURITIBA
24582772000147,ITAI,ELDORADO DO SUL
24586847000168,VILA IZABEL,CURITIBA
24608207000101,MEIA PRAIA,ITAPEMA
24642438000131,BATEL,CURITIBA
24642661000189,CENTRO,SAPUCAIA DO SUL
24688226000195,ZONA 01,MARINGA
24762992000152,BATEL,CURITIBA
24980717000105,VILA CARNELOS,MANDAGUACU
25239083000105,BIGORRILHO,CURITIBA
25245543000108,CENTRO,FRANCISCO BELTRAO
25275126000108,RIO BRANCO,CAXIAS DO SUL
25275641000180,CENTRO,SARANDI
25285557000147,XAXIM,CURITIBA
25327802000131,MENINO DEUS,PORTO ALEGRE
25341444000111,JUVEVE,CURITIBA
25420887000106,CENTRO,TOLEDO
25533119000150,CAMOBI,SANTA MARIA
26114425000115,CENTRO,BALNEARIO CAMBORIU
26116642000144,HIGIENOPOLIS,PORTO ALEGRE
26126319000151,SAO CRISTOVAO,LAJEADO
26181064000120,HEDY,LONDRINA
26214713000141,AGUA VERDE,CURITIBA
26225132000105,INDEPENDENCIA,PORTO ALEGRE
26252461000145,ALTO DA RUA XV,CURITIBA
26263353000178,GUARUJA,PORTO ALEGRE
26294369000148,GLEBA FAZENDA PALHANO,LONDRINA
26346174000102,SACO GRANDE,FLORIANOPOLIS
26468924000100,CRISTO REI,SAO LEOPOLDO
26469808000106,JARDIM TOQUIO,MARINGA
26481766000129,LAGOA DA CONCEICAO,FLORIANOPOLIS
26683997000115,PROTASIO ALVES,PORTO ALEGRE
26686159000103,LOMBA DO PINHEIRO,PORTO ALEGRE
26756002000107,CENTRO,BAGE
26771369000191,ZONA 07,MARINGA
26893432000162,PEDRA BRANCA,PALHOCA
26960108000110,SAO BRAZ,CURITIBA
27003628000105,PORTAL DA SERRA,DOIS IRMAOS
27090363000111,BIGORRILHO,CURITIBA
27100089000114,PE EDUARDO,TAIO
27106994000181,SAO BERNARDO,UNIAO DA VITORIA
27112738000105,BAIRRO ALTO,CURITIBA
27299019000137,NAVEGANTES,PORTO ALEGRE
27372850000177,AMERICA,JOINVILLE
27438836000129,SACO GRANDE,FLORIANOPOLIS
27456547000152,FANNY,CURITIBA
27481416000125,PASSO DA AREIA,PORTO ALEGRE
27483628000141,CRISTO REI,SAO LEOPOLDO
27649569000139,CAJURU,CURITIBA
27667548000146,PRADO VELHO,CURITIBA
27702054000155,ALTO DA RUA XV,CURITIBA
27770937000100,BIGORRILHO,CURITIBA
27908845000136,VELHA,BLUMENAU
27982288000101,FRARON,PATO BRANCO
28027289000151,SAO JOSE,PORTO ALEGRE
28027477000180,PETROPOLIS,PORTO ALEGRE
28031071000170,CENTRO CIVICO,CURITIBA
28082914000168,CABRAL,CURITIBA
28218561000180,MOINHOS DE VENTO,PORTO ALEGRE
28232830000163,CENTRO,ITAJAI
28241746000106,SANTA BARBARA,CRICIUMA
28254301000160,AHU,CURITIBA
28336299000179,FLORESTA,PORTO ALEGRE
28340957000104,PETROPOLIS,PORTO ALEGRE
28341460000100,CENTRO HISTORICO,PORTO ALEGRE
28371547000112,SACO GRANDE,FLORIANOPOLIS
28396501000158,JARDIM PAULISTA,CAMPINA GRANDE DO SUL
28494539000163,CENTRO HISTORICO,PORTO ALEGRE
28517714000190,JARDIM ITALIA II,MARINGA
28888367000102,UBERABA,CURITIBA
28946642000105,BATEL,CURITIBA
29030375000186,POPULAR LAGES,LAGES
29040042000138,CENTRO,CHAPECO
29069537000190,NOVA RUSSIA,PONTA GROSSA
29116537000101,BALNARIO FLORIDA,MATINHOS
29152144000145,IGARA,CANOAS
29190191000183,JARAGUA ESQUERDO,JARAGUA DO SUL
29230277000192,JARDIM SAO PEDRO,PORTO ALEGRE
29302309000118,BAIRRO ALTO,CURITIBA
29309746000163,CENTRO,CURITIBA
29432024000100,JARDIM DAS AMERICAS,CURITIBA
29472136000186,BATEL,CURITIBA
29488065000100,CENTRO,PAROBE
29496699000104,PORTAO,CURITIBA
29636554000161,CRISTO REI,CURITIBA
29653583000131,RIO BRANCO,NOVO HAMBURGO
29667108000114,HUMAITA,PORTO ALEGRE
29723917000104,CENTRO,FLORIANOPOLIS
29751722000160,CENTRO,BIGUACU
29753819000101,JOAO PAULO,FLORIANOPOLIS
29766130000111,ALPHAVILLE GRACIOSA,PINHAIS
29814528000186,XAXIM,CURITIBA
29826123000168,CENTRO,CURITIBA
29829507000134,SANTO ANTONIO,JOINVILLE
29832432000140,ESTREITO,FLORIANOPOLIS
29840265000180,AHU,CURITIBA
29890481000130,REBOUCAS,CURITIBA
29915283000183,CIDADE INDUSTRIAL,CURITIBA
29920323000185,VILA IPIRANGA,PORTO ALEGRE
29920563000180,PASSO DA AREIA,PORTO ALEGRE
30025695000127,BOM RETIRO,JOINVILLE
30033125000189,CAMPINA DO SIQUEIRA,CURITIBA
30043931000138,NOVA DIVINEIA,ARARANGUA
30107695000176,CIDADE BAIXA,PORTO ALEGRE
30120829000199,CAMPINAS,SAO JOSE
30142925000138,REBOUCAS,CURITIBA
30148342000114,JOAO PAULO,FLORIANOPOLIS
30280646000130,SAO PAULO,MONTENEGRO
30281605000169,AGUA VERDE,CURITIBA
30303839000160,BOM RETIRO,JOINVILLE
30310764000144,RIO BRANCO,PORTO ALEGRE
30339718000178,LOTEAMENTO JARDIM TIMBAUVA,GRAVATAI
30351627000158,SITIO CERCADO,CURITIBA
30517691000166,JARDIM DAS AMERICAS,CURITIBA
30537374000101,CAMPINAS,SAO JOSE
30568793000100,CENTRO HISTORICO,PORTO ALEGRE
30580414000106,CRISTAL,PORTO ALEGRE
30607379000163,CRISTO REI,CURITIBA
30677270000100,JUVEVE,CURITIBA
30750260000145,SACO GRANDE,FLORIANOPOLIS
30816395000166,SANTA TEREZINHA,BRUSQUE
30863642000185,ZONA INDUSTRIAL NORTE,JOINVILLE
30920180000190,UBERABA,CURITIBA
30935151000100,BOA VISTA,CURITIBA
30974259000102,CENTRO,CURITIBA
30975075000159,SANTA BARBARA,CRICIUMA
31041904000199,MERCES,CURITIBA
31079657000110,BATEL,CURITIBA
31092609000161,ALPHAVILLE GRACIOSA,PINHAIS
31111152000195,AGUA VERDE,CURITIBA
31137926000157,CENTRO,MORRO REUTER
31160141000103,ALTO DA RUA XV,CURITIBA
31168095000180,CENTRO,CURITIBA
31233387000150,JARDIM LEOPOLDINA,PORTO ALEGRE
31264122000119,AGUA VERDE,CURITIBA
31289053000106,JARDIM LANCASTER II,FOZ DO IGUACU
31304385000104,JARDIM AMERICA,CAXIAS DO SUL
31417599000197,SAO JOSE,PASSO FUNDO
31436767000191,RIO BRANCO,CANOAS
31452043000131,CENTRO,NOVO HAMBURGO
31554667000160,VILA SAO JOSE,PORTO ALEGRE
31569523000187,CRISTAL,PORTO ALEGRE
31615060000142,AGUA VERDE,CURITIBA
31625732000109,VILA CACHOEIRINHA,CACHOEIRINHA
31627865000106,AUXILIADORA,PORTO ALEGRE
31721284000139,CENTRO,CASCAVEL
31764349000123,TRINDADE,FLORIANOPOLIS
31881132000101,VILA FRANCA,PIRAQUARA
31974922000123,BELA VISTA,SAO SEPE
32089832000112,VILA IZABEL,CURITIBA
32116856000113,JARDIM DO SALSO,PORTO ALEGRE
32161647000191,PINHEIRINHO,CURITIBA
32177085000174,MOSSUNGUE,CURITIBA
32214357000169,VILA IZABEL,CURITIBA
32244389000107,COQUEIRAL,CASCAVEL
32333203000196,AFONSO PENA,SAO JOSE DOS PINHAIS
32340117000100,REBOUCAS,CURITIBA
32340240000121,REBOUCAS,CURITIBA
32416966000109,SANTO ANTONIO,PORTO ALEGRE
32477752000134,AREAL,PELOTAS
32494446000106,ALTO DA RUA XV,CURITIBA
32509849000181,SAO BRAZ,CURITIBA
32548626000123,DISTRITO INDUSTRIAL,FAXINAL DO SOTURNO
32568380000151,BUCAREIN,JOINVILLE
32844773000140,CENTRO,GUARAMIRIM
32901739000160,GUARITUBA,PIRAQUARA
32947076000115,RIO BRANCO,PORTO ALEGRE
33041999000176,GUABIROTUBA,CURITIBA
33067005000190,CENTRO,SANTA CRUZ DO SUL
33079420000164,SACO GRANDE,FLORIANOPOLIS
33145309000129,CENTRO,SANTA MARIA
33221091000144,CENTRO,JOINVILLE
33301348000178,CENTRO,BALNEARIO CAMBORIU
33332029000120,CAMPO COMPRIDO,CURITIBA
33389754000134,AUXILIADORA,PORTO ALEGRE
33427638000162,JARDIM HIGIENOPOLIS,LONDRINA
33454191000110,CENTRO,CURITIBA
33468050000157,RIO BRANCO,PORTO ALEGRE
33639035000124,CENTRO,SAO JERONIMO
33665328000186,BOA VISTA,CURITIBA
33736420000190,SAO SEBASTIAO,PORTO ALEGRE
33750232000116,RIO BRANCO,PORTO ALEGRE
33759076000154,CENTRO,CURITIBA
33808438000150,REBOUCAS,CURITIBA
33899321000129,JARDIM EUROPA,PORTO ALEGRE
33943181000149,TRINDADE,FLORIANOPOLIS
33946520000140,FLORESTA,PORTO ALEGRE
33967536000130,NOVA BRASILIA,JARAGUA DO SUL
34023303000141,GRAVATA,NAVEGANTES
34026711000157,CENTRO,FLORIANOPOLIS
34093177000100,AGUA VERDE,CURITIBA
34107090000136,SAO JOSE,SAO LEOPOLDO
34121443000152,BUCAREIN,JOINVILLE
34132808000144,GAVEA,RODEIO
34269413000198,FORTALEZA,BLUMENAU
34289648000141,CRISTAL,PORTO ALEGRE
34433851000140,AUXILIADORA,PORTO ALEGRE
34525284000151,SAO JOAO,PORTO ALEGRE
34553881000190,ZONA 07,MARINGA
34554363000190,RIO BRANCO,CAXIAS DO SUL
34595403000142,CAMPECHE,FLORIANOPOLIS
34660346000138,VELHA,BLUMENAU
34719768000131,CENTRO,PASSO FUNDO
34758830000102,CIDADE INDUSTRIAL,CURITIBA
34770395000123,CENTRO,BIGUACU
34816718000172,MONT SERRAT,PORTO ALEGRE
34829222000133,JARDIM ITALIA,CHAPECO
34849750000154,CENTRO,PINHAIS
34914613000156,CANOAS,RIO DO SUL
34952866000114,CENTRO,FLORIANOPOLIS
35054380000121,CANASVIEIRAS,FLORIANOPOLIS
35063002000104,TRINDADE,FLORIANOPOLIS
35081130000180,SANTA TERESA,SAO LEOPOLDO
35118515000175,AUXILIADORA,PORTO ALEGRE
35140820000163,CENTRO CIVICO,CURITIBA
35143923000187,SERRARIA,SAO JOSE
35259520000106,BUCAREIN,JOINVILLE
35324257000183,CENTENARIO,LAJEADO
35333643000131,BOM RETIRO,CURITIBA
35362926000101,CENTRO,NAO-ME-TOQUE
35375291000187,CIDADE INDUSTRIAL,CURITIBA
35417709000171,JARDIM HONDA 2,LONDRINA
35458529000138,JARDIM SOCIAL,CURITIBA
35486795000174,SAN REMO,LONDRINA
35585732000175,SANTA CANDIDA,CURITIBA
35587650000160,JARDIM NOVO HORIZONTE,MARINGA
35630160000107,CENTRO,CURITIBA
35647638000101,CENTRO,DIONISIO CERQUEIRA
35679751000160,VILA RODRIGUES,PASSO FUNDO
35749625000135,CAPAO DA IMBUIA,CURITIBA
35801157000109,CHACARA DAS PEDRAS,PORTO ALEGRE
35829508000181,AGUA VERDE,CURITIBA
35898518000179,CENTRO,FLORIANOPOLIS
36005389000105,ITOUPAVAZINHA,BLUMENAU
36005539000180,SAO FRANCISCO,FARROUPILHA
36058673000140,CIDADE NOVA,ITAJAI
36152755000159,PARTENON,PORTO ALEGRE
36260526000158,BOQUEIRAO,CURITIBA
36325775000184,CIDADE INDUSTRIAL,CURITIBA
36348088000184,PETROPOLIS,PORTO ALEGRE
36353517000101,CAJURU,CURITIBA
36371866000156,BELA SUICA,LONDRINA
36381943000159,CENTRO,SAO BENTO DO SUL
36421471000110,CENTRO,FLORIANOPOLIS
36467291000170,ALTO DA RUA XV,CURITIBA
36474896000198,CENTRO,CURITIBA
36498908000114,AUXILIADORA,PORTO ALEGRE
36526329000138,SAO JORGE,NOVO HAMBURGO
36562986000130,AUXILIADORA,PORTO ALEGRE
36568185000182,FLOR DA SERRA,JOACABA
36570041000160,CENTRO,TUBARAO
36624321000104,CENTRO,PINHAIS
36644876000118,PONTA PORA,CACHOEIRINHA
36699438000157,PASSO DA AREIA,PORTO ALEGRE
36716381000157,AGUA VERDE,CURITIBA
36718756000118,ESTANCIA VELHA,CANOAS
36730259000135,PEDRA BRANCA,PALHOCA
36734254000180,BOA VISTA,CURITIBA
36806175000138,TRINDADE,FLORIANOPOLIS
36820730000186,CENTRO,FLORIANOPOLIS
36869780000158,CENTRO CIVICO,CURITIBA
36909144000102,CENTRO,JOINVILLE
36949399000107,CENTRO,JOINVILLE
36958093000109,AUXILIADORA,PORTO ALEGRE
36969195000120,VILA REAL,CHAPECO
36993305000199,VILA LALAU,JARAGUA DO SUL
37077182000109,ITACORUBI,FLORIANOPOLIS
37177621000155,PONTE DO IMARUIM,PALHOCA
37178108000189,MONT SERRAT,PORTO ALEGRE
37221153000179,DAS NACOES,INDAIAL
37229264000121,CRUZEIRO,FARROUPILHA
37531139000171,INDEPENDENCIA,PORTO ALEGRE
37532711000117,RIO TAVARES,FLORIANOPOLIS
37538993000160,CENTRO,FLORIANOPOLIS
37539604000110,CAVALHADA,PORTO ALEGRE
37557245000124,ESTREITO,FLORIANOPOLIS
37557582000111,JARDIM LONDRILAR,LONDRINA
37612212000130,TRES PORTOS,ESTEIO
37650364000127,GLEBA FAZENDA PALHANO,LONDRINA
37658745000152,CAJURU,CURITIBA
37671084000103,JARDIM FLORESTA,FRANCISCO BELTRAO
37915955000189,SACO DOS LIMOES,FLORIANOPOLIS
37989501000152,SANTA CRUZ,GRAVATAI
38007294000156,CENTRO,SAO LEOPOLDO
38026554000130,ABRAAO,FLORIANOPOLIS
38028982000100,CENTRO,JOINVILLE
38045543000106,BARREIROS,SAO JOSE
38143840000186,JARDIM CLAUDIA,PINHAIS
38212298000176,ITACORUBI,FLORIANOPOLIS
38235218000106,JUVEVE,CURITIBA
38475698000174,SEMINARIO,CURITIBA
38535151000117,MATO GRANDE,CANOAS
38560118000147,CENTRO,FLORIANOPOLIS
38560722000173,SUMARE,RIO DO SUL
38597881000142,ESTREITO,FLORIANOPOLIS
38731500000176,NOSSA SENHORA DE LOURDES,CAXIAS DO SUL
38974286000189,GLEBA FAZENDA PALHANO,LONDRINA
39233445000157,CENTRO CIVICO,CURITIBA
39331535000180,AUXILIADORA,PORTO ALEGRE
39355783000161,CAJURU,CURITIBA
39416257000164,CENTRO,ARAUCARIA
39456186000123,LAGOA DA CONCEICAO,FLORIANOPOLIS
39469328000197,PILARZINHO,CURITIBA
39473671000105,NOSSA SENHORA DE FATIMA,SANTA MARIA
39485326000191,CENTRO,CANTAGALO
39512527000130,CIDADE BAIXA,PORTO ALEGRE
39565812000110,CENTRO,SAO MIGUEL DO OESTE
39679772000137,SACO GRANDE,FLORIANOPOLIS
39781465000162,CAVALHADA,PORTO ALEGRE
39836609000130,CENTRO,BAGE
39937682000107,PARQUE AVENIDA,MARINGA
39951337000110,INGLESES DO RIO VERMELHO,FLORIANOPOLIS
40019793000105,JARDIM ESPANHA,MARINGA
40093823000123,CENTRO,BENTO GONCALVES
40188443000172,BIGORRILHO,CURITIBA
40194256000100,MENINO DEUS,PORTO ALEGRE
40240560000138,WALDEREZ,SAPUCAIA DO SUL
40279046000106,CENTRO,JOINVILLE
40414919000146,CENTRO,PONTA GROSSA
40452123000188,SERRARIA,PORTO ALEGRE
40499259000143,VILA IPIRANGA,PORTO ALEGRE
40510812000100,ITOUPAVA SECA,BLUMENAU
40513322000159,PARQUE DA MATRIZ,CACHOEIRINHA
40572288000193,TRINDADE,FLORIANOPOLIS
40589359000160,ROCA GRANDE,COLOMBO
40590793000160,ITACORUBI,FLORIANOPOLIS
40654924000126,INDEPENDENCIA,PORTO ALEGRE
40672980000193,JUVEVE,CURITIBA
40706960000196,SACO GRANDE,FLORIANOPOLIS
40751154000130,CEDRO,CAMBORIU
40840011000102,CENTRO HISTORICO,PORTO ALEGRE
40871094000199,REBOUCAS,CURITIBA
40877677000127,AGUA VERDE,CURITIBA
40879374000143,ITOUPAVA CENTRAL,BLUMENAU
40894681000101,ALTO BOQUEIRAO,CURITIBA
40909361000170,CONJUNTO RESIDENCIAL APORA,FOZ DO IGUACU
40942231000139,JUVEVE,CURITIBA
40999862000194,CAMPINAS,SAO JOSE
41011151000122,BELA VISTA,CAXIAS DO SUL
41013081000141,CRISTO REDENTOR,CAXIAS DO SUL
41045580000110,PEDRA BRANCA,PALHOCA
41069952000149,AMERICA,JOINVILLE
41132023000137,VILA NOVA,BLUMENAU
41138337000147,CENTRO,ESTRELA
41249650000152,ZONA 03,MARINGA
41273734000121,CENTRO,CURITIBA
41368252000155,HUGO LANGE,CURITIBA
41400372000192,CENTRO,FLORIANOPOLIS
41418108000186,AGUA VERDE,CURITIBA
41497032000121,MARECHAL RONDON,CANOAS
56350820000168,CENTRO,CRICIUMA
72457021000141,M DE VENTO,PORTO ALEGRE
73212854000105,AGUA VERDE,CURITIBA
76362466000107,ANITA GARIBALDI,JOINVILLE
76770585000190,CENTRO,PARANAGUA
78267408000111,BUCAREIN,JOINVILLE
79636379000180,JARDIM DAS AMERICAS,CURITIBA
79850954000143,VELHA,BLUMENAU
80005374000139,CAJURU,CURITIBA
80095243000190,BERGER,CACADOR
80921489000173,CENTRO,LONDRINA
81050932000140,CAJURU,CURITIBA
81236770000130,ALTO DA RUA XV,CURITIBA
81530685000180,MOINHOS DE VENTO,PORTO ALEGRE
82160219000112,CAPOEIRAS,FLORIANOPOLIS
82525718000166,BARREIRINHA,CURITIBA
84785179000120,ZONA 04,MARINGA
85049070000197,SAO FRANCISCO,CURITIBA
85274306000199,PONTA AGUDA,BLUMENAU
85398345000106,GLORIA,JOINVILLE
85516912000173,CAMPINA DO SIQUEIRA,CURITIBA
86703337000180,CENTRO,PORTO ALEGRE
86861804000109,LULU ILGENFRITZ,IJUI
86954351000157,SAO PELEGRINO,CAXIAS DO SUL
91031807000147,PETROPOLIS,PORTO ALEGRE
91229039000130,CENTRO,CAXIAS DO SUL
91454330000102,FLORESTA,PORTO ALEGRE
92770122000185,CENTRO,CANOAS
93317410000141,CENTRO HISTORICO,PORTO ALEGRE
93806560000119,CRISTO REDENTOR,PORTO ALEGRE
93861557000106,RIO BRANCO,PORTO ALEGRE
94057981000157,MOINHOS DE VENTO,PORTO ALEGRE
94195419000190,SAO JOAO,PORTO ALEGRE
94392966000165,SAO SEBASTIAO,PORTO ALEGRE
94515038000140,PIO X,CAXIAS DO SUL
95033668000141,EXPOSICAO,CAXIAS DO SUL
95125332000109,CENTRO,PORTO ALEGRE
95844288000197,ITOUPAVA NORTE,BLUMENAU
97530859000144,BUCAREIN,JOINVILLE
